country,category,table,date,days,lo80,hi80,lo95,hi95
all_chargeability,F1,FAD,2026-10-01,16483,16096,16869,16096,16869
all_chargeability,F1,FAD,2026-11-01,16508,16122,16895,16122,16895
all_chargeability,F1,FAD,2026-12-01,16534,16148,16920,15725,17343
all_chargeability,F1,FAD,2027-01-01,16547,16161,16934,15102,17992
all_chargeability,F1,FAD,2027-02-01,16559,16131,16986,15114,18004
all_chargeability,F1,FAD,2027-03-01,16566,16073,17058,15051,18080
all_chargeability,F1,FAD,2027-04-01,16583,16091,17076,14677,18490
all_chargeability,F1,FAD,2027-05-01,16600,16107,17092,14692,18507
all_chargeability,F1,FAD,2027-06-01,16607,15943,17271,14699,18514
all_chargeability,F1,FAD,2027-07-01,16623,15960,17287,14716,18531
all_chargeability,F1,FAD,2027-08-01,16640,15976,17304,14733,18548
all_chargeability,F1,FAD,2027-09-01,16657,15946,17367,14646,18667
all_chargeability,F2A,FAD,2026-10-01,18863,18318,19407,18318,19407
all_chargeability,F2A,FAD,2026-11-01,18903,18358,19447,18358,19447
all_chargeability,F2A,FAD,2026-12-01,18941,18397,19486,17801,20081
all_chargeability,F2A,FAD,2027-01-01,18978,18434,19523,16942,21015
all_chargeability,F2A,FAD,2027-02-01,19001,18399,19603,16964,21038
all_chargeability,F2A,FAD,2027-03-01,19008,18314,19702,16874,21142
all_chargeability,F2A,FAD,2027-04-01,19051,18356,19745,16364,21738
all_chargeability,F2A,FAD,2027-05-01,19079,18385,19773,16391,21768
all_chargeability,F2A,FAD,2027-06-01,19094,18159,20030,16406,21783
all_chargeability,F2A,FAD,2027-07-01,19106,18171,20042,16418,21795
all_chargeability,F2A,FAD,2027-08-01,19115,18179,20050,16426,21803
all_chargeability,F2A,FAD,2027-09-01,19141,18140,20142,16307,21975
all_chargeability,F2B,FAD,2026-10-01,16371,15804,16939,15804,16939
all_chargeability,F2B,FAD,2026-11-01,16427,15859,16994,15859,16994
all_chargeability,F2B,FAD,2026-12-01,16484,15916,17052,15296,17672
all_chargeability,F2B,FAD,2027-01-01,16533,15965,17100,14410,18656
all_chargeability,F2B,FAD,2027-02-01,16591,15963,17219,14468,18714
all_chargeability,F2B,FAD,2027-03-01,16643,15919,17366,14418,18867
all_chargeability,F2B,FAD,2027-04-01,16689,15965,17413,13888,19490
all_chargeability,F2B,FAD,2027-05-01,16739,16015,17463,13936,19541
all_chargeability,F2B,FAD,2027-06-01,16784,15809,17759,13981,19586
all_chargeability,F2B,FAD,2027-07-01,16823,15848,17798,14020,19625
all_chargeability,F2B,FAD,2027-08-01,16857,15882,17832,14054,19659
all_chargeability,F2B,FAD,2027-09-01,16867,15823,17910,13913,19821
all_chargeability,F3,FAD,2026-10-01,14603,13726,15480,13726,15480
all_chargeability,F3,FAD,2026-11-01,14667,13790,15544,13790,15544
all_chargeability,F3,FAD,2026-12-01,14731,13854,15608,12896,16566
all_chargeability,F3,FAD,2027-01-01,14795,13918,15672,11516,18074
all_chargeability,F3,FAD,2027-02-01,14859,13889,15829,11580,18138
all_chargeability,F3,FAD,2027-03-01,14923,13805,16041,11487,18359
all_chargeability,F3,FAD,2027-04-01,14987,13869,16105,10661,19313
all_chargeability,F3,FAD,2027-05-01,15051,13933,16169,10722,19380
all_chargeability,F3,FAD,2027-06-01,15115,13609,16621,10786,19444
all_chargeability,F3,FAD,2027-07-01,15179,13673,16685,10850,19508
all_chargeability,F3,FAD,2027-08-01,15243,13737,16749,10914,19572
all_chargeability,F3,FAD,2027-09-01,15307,13695,16919,10744,19870
all_chargeability,F4,FAD,2026-10-01,13392,12565,14219,12565,14219
all_chargeability,F4,FAD,2026-11-01,13408,12581,14236,12581,14236
all_chargeability,F4,FAD,2026-12-01,13424,12597,14251,11692,15156
all_chargeability,F4,FAD,2027-01-01,13439,12612,14267,10345,16534
all_chargeability,F4,FAD,2027-02-01,13455,12540,14370,10361,16549
all_chargeability,F4,FAD,2027-03-01,13471,12416,14526,10228,16713
all_chargeability,F4,FAD,2027-04-01,13486,12432,14541,9404,17568
all_chargeability,F4,FAD,2027-05-01,13504,12450,14559,9420,17589
all_chargeability,F4,FAD,2027-06-01,13524,12103,14946,9440,17609
all_chargeability,F4,FAD,2027-07-01,13544,12123,14965,9460,17629
all_chargeability,F4,FAD,2027-08-01,13573,12152,14994,9489,17658
all_chargeability,F4,FAD,2027-09-01,13590,12069,15111,9285,17896
china,F1,FAD,2026-10-01,16483,16105,16860,16105,16860
china,F1,FAD,2026-11-01,16508,16131,16886,16131,16886
china,F1,FAD,2026-12-01,16534,16157,16912,15744,17325
china,F1,FAD,2027-01-01,16547,16169,16925,15135,17959
china,F1,FAD,2027-02-01,16559,16141,16977,15146,17971
china,F1,FAD,2027-03-01,16566,16085,17048,15086,18047
china,F1,FAD,2027-04-01,16583,16101,17064,14719,18446
china,F1,FAD,2027-05-01,16600,16119,17082,14736,18465
china,F1,FAD,2027-06-01,16607,15958,17256,14742,18471
china,F1,FAD,2027-07-01,16623,15975,17272,14759,18488
china,F1,FAD,2027-08-01,16640,15991,17289,14775,18504
china,F1,FAD,2027-09-01,16657,15963,17351,14692,18622
china,F2A,FAD,2026-10-01,18863,18317,19408,18317,19408
china,F2A,FAD,2026-11-01,18903,18358,19448,18358,19448
china,F2A,FAD,2026-12-01,18929,18384,19474,17788,20070
china,F2A,FAD,2027-01-01,18951,18406,19496,16913,20990
china,F2A,FAD,2027-02-01,18974,18371,19577,16935,21012
china,F2A,FAD,2027-03-01,18996,18301,19691,16860,21133
china,F2A,FAD,2027-04-01,19019,18324,19714,16329,21708
china,F2A,FAD,2027-05-01,19041,18346,19736,16350,21733
china,F2A,FAD,2027-06-01,19064,18127,20000,16373,21755
china,F2A,FAD,2027-07-01,19086,18150,20023,16395,21777
china,F2A,FAD,2027-08-01,19109,18172,20045,16418,21800
china,F2A,FAD,2027-09-01,19131,18129,20133,16294,21968
china,F2B,FAD,2026-10-01,16371,15804,16937,15804,16937
china,F2B,FAD,2026-11-01,16427,15861,16994,15861,16994
china,F2B,FAD,2026-12-01,16484,15917,17050,15298,17669
china,F2B,FAD,2027-01-01,16533,15966,17099,14414,18651
china,F2B,FAD,2027-02-01,16591,15965,17218,14473,18709
china,F2B,FAD,2027-03-01,16643,15921,17365,14423,18863
china,F2B,FAD,2027-04-01,16689,15967,17412,13895,19484
china,F2B,FAD,2027-05-01,16739,16017,17461,13943,19536
china,F2B,FAD,2027-06-01,16784,15811,17758,13988,19581
china,F2B,FAD,2027-07-01,16823,15850,17796,14027,19619
china,F2B,FAD,2027-08-01,16857,15884,17830,14060,19653
china,F2B,FAD,2027-09-01,16867,15826,17908,13919,19814
china,F3,FAD,2026-10-01,14603,13726,15480,13726,15480
china,F3,FAD,2026-11-01,14667,13790,15544,13790,15544
china,F3,FAD,2026-12-01,14731,13854,15608,12896,16566
china,F3,FAD,2027-01-01,14795,13918,15672,11516,18074
china,F3,FAD,2027-02-01,14859,13889,15829,11580,18138
china,F3,FAD,2027-03-01,14923,13805,16041,11487,18359
china,F3,FAD,2027-04-01,14987,13869,16105,10661,19313
china,F3,FAD,2027-05-01,15051,13933,16169,10723,19379
china,F3,FAD,2027-06-01,15115,13609,16621,10786,19443
china,F3,FAD,2027-07-01,15179,13673,16685,10850,19507
china,F3,FAD,2027-08-01,15243,13737,16749,10914,19571
china,F3,FAD,2027-09-01,15307,13695,16919,10744,19869
china,F4,FAD,2026-10-01,13378,12557,14199,12557,14199
china,F4,FAD,2026-11-01,13408,12587,14229,12587,14229
china,F4,FAD,2026-12-01,13417,12595,14238,11697,15136
china,F4,FAD,2027-01-01,13439,12618,14260,10367,16510
china,F4,FAD,2027-02-01,13455,12547,14364,10384,16527
china,F4,FAD,2027-03-01,13471,12424,14518,10252,16690
china,F4,FAD,2027-04-01,13485,12438,14532,9433,17538
china,F4,FAD,2027-05-01,13500,12453,14547,9445,17555
china,F4,FAD,2027-06-01,13514,12103,14925,9460,17569
china,F4,FAD,2027-07-01,13529,12118,14940,9474,17584
china,F4,FAD,2027-08-01,13543,12132,14954,9489,17598
china,F4,FAD,2027-09-01,13558,12048,15068,9284,17832
india,F1,FAD,2026-10-01,16483,16104,16861,16104,16861
india,F1,FAD,2026-11-01,16508,16130,16887,16130,16887
india,F1,FAD,2026-12-01,16523,16144,16901,15730,17315
india,F1,FAD,2027-01-01,16526,16147,16904,15110,17942
india,F1,FAD,2027-02-01,16543,16124,16962,15127,17959
india,F1,FAD,2027-03-01,16560,16078,17043,15077,18044
india,F1,FAD,2027-04-01,16577,16095,17060,14710,18445
india,F1,FAD,2027-05-01,16595,16112,17077,14726,18464
india,F1,FAD,2027-06-01,16607,15956,17257,14738,18476
india,F1,FAD,2027-07-01,16623,15973,17273,14754,18492
india,F1,FAD,2027-08-01,16640,15990,17291,14771,18509
india,F1,FAD,2027-09-01,16657,15962,17353,14687,18628
india,F2A,FAD,2026-10-01,18863,18318,19407,18318,19407
india,F2A,FAD,2026-11-01,18903,18358,19447,18358,19447
india,F2A,FAD,2026-12-01,18931,18386,19475,17791,20070
india,F2A,FAD,2027-01-01,18954,18409,19498,16917,20990
india,F2A,FAD,2027-02-01,18977,18374,19579,16941,21013
india,F2A,FAD,2027-03-01,19000,18306,19694,16866,21134
india,F2A,FAD,2027-04-01,19023,18329,19717,16337,21710
india,F2A,FAD,2027-05-01,19046,18352,19740,16358,21734
india,F2A,FAD,2027-06-01,19069,18134,20005,16381,21757
india,F2A,FAD,2027-07-01,19092,18157,20028,16404,21780
india,F2A,FAD,2027-08-01,19115,18180,20051,16427,21804
india,F2A,FAD,2027-09-01,19138,18138,20139,16305,21972
india,F2B,FAD,2026-10-01,16336,15768,16904,15768,16904
india,F2B,FAD,2026-11-01,16368,15801,16936,15801,16936
india,F2B,FAD,2026-12-01,16400,15833,16968,15212,17589
india,F2B,FAD,2027-01-01,16433,15865,17000,14309,18556
india,F2B,FAD,2027-02-01,16465,15837,17093,14342,18588
india,F2B,FAD,2027-03-01,16497,15773,17221,14272,18722
india,F2B,FAD,2027-04-01,16529,15805,17253,13728,19330
india,F2B,FAD,2027-05-01,16561,15838,17285,13758,19364
india,F2B,FAD,2027-06-01,16593,15618,17569,13791,19396
india,F2B,FAD,2027-07-01,16626,15650,17601,13823,19429
india,F2B,FAD,2027-08-01,16658,15682,17633,13855,19461
india,F2B,FAD,2027-09-01,16690,15646,17734,13736,19644
india,F3,FAD,2026-10-01,14580,13703,15457,13703,15457
india,F3,FAD,2026-11-01,14620,13743,15497,13743,15497
india,F3,FAD,2026-12-01,14661,13784,15538,12825,16497
india,F3,FAD,2027-01-01,14701,13824,15578,11421,17982
india,F3,FAD,2027-02-01,14742,13772,15712,11462,18022
india,F3,FAD,2027-03-01,14784,13665,15902,11346,18221
india,F3,FAD,2027-04-01,14825,13707,15943,10497,19153
india,F3,FAD,2027-05-01,14868,13749,15986,10537,19198
india,F3,FAD,2027-06-01,14909,13402,16416,10578,19239
india,F3,FAD,2027-07-01,14952,13445,16459,10621,19282
india,F3,FAD,2027-08-01,14994,13487,16501,10664,19325
india,F3,FAD,2027-09-01,15057,13444,16669,10492,19621
india,F4,FAD,2026-10-01,11635,11526,11744,11526,11744
india,F4,FAD,2026-11-01,11642,11533,11751,11533,11751
india,F4,FAD,2026-12-01,11650,11541,11759,11422,11878
india,F4,FAD,2027-01-01,11657,11548,11766,11250,12064
india,F4,FAD,2027-02-01,11664,11544,11785,11257,12072
india,F4,FAD,2027-03-01,11671,11533,11810,11245,12098
india,F4,FAD,2027-04-01,11679,11540,11817,11141,12216
india,F4,FAD,2027-05-01,11686,11547,11825,11148,12223
india,F4,FAD,2027-06-01,11693,11506,11880,11155,12230
india,F4,FAD,2027-07-01,11700,11513,11887,11162,12237
india,F4,FAD,2027-08-01,11707,11520,11894,11169,12244
india,F4,FAD,2027-09-01,11714,11514,11914,11147,12280
mexico,F1,FAD,2026-10-01,12060,11378,12742,11378,12742
mexico,F1,FAD,2026-11-01,12068,11385,12750,11385,12750
mexico,F1,FAD,2026-12-01,12075,11393,12757,10647,13503
mexico,F1,FAD,2027-01-01,12082,11400,12764,9531,14633
mexico,F1,FAD,2027-02-01,12089,11335,12844,9539,14640
mexico,F1,FAD,2027-03-01,12097,11227,12966,9424,14770
mexico,F1,FAD,2027-04-01,12104,11234,12974,8739,15469
mexico,F1,FAD,2027-05-01,12111,11242,12981,8744,15478
mexico,F1,FAD,2027-06-01,12118,10947,13290,8751,15486
mexico,F1,FAD,2027-07-01,12126,10954,13298,8758,15493
mexico,F1,FAD,2027-08-01,12133,10961,13305,8766,15500
mexico,F1,FAD,2027-09-01,12140,10887,13394,8591,15690
mexico,F2A,FAD,2026-10-01,18521,17977,19065,17977,19065
mexico,F2A,FAD,2026-11-01,18545,18001,19089,18001,19089
mexico,F2A,FAD,2026-12-01,18570,18026,19114,17431,19709
mexico,F2A,FAD,2027-01-01,18595,18051,19139,16560,20629
mexico,F2A,FAD,2027-02-01,18619,18017,19221,16585,20654
mexico,F2A,FAD,2027-03-01,18644,17950,19337,16512,20776
mexico,F2A,FAD,2027-04-01,18668,17975,19362,15984,21353
mexico,F2A,FAD,2027-05-01,18693,17999,19386,16007,21379
mexico,F2A,FAD,2027-06-01,18717,17783,19652,16031,21403
mexico,F2A,FAD,2027-07-01,18742,17807,19677,16056,21428
mexico,F2A,FAD,2027-08-01,18766,17832,19701,16081,21452
mexico,F2A,FAD,2027-09-01,18791,17791,19791,15960,21622
mexico,F2B,FAD,2026-10-01,12516,12169,12864,12169,12864
mexico,F2B,FAD,2026-11-01,12569,12221,12916,12221,12916
mexico,F2B,FAD,2026-12-01,12621,12273,12969,11893,13349
mexico,F2B,FAD,2027-01-01,12673,12326,13021,11373,13973
mexico,F2B,FAD,2027-02-01,12726,12341,13110,11425,14026
mexico,F2B,FAD,2027-03-01,12778,12335,13221,11415,14140
mexico,F2B,FAD,2027-04-01,12830,12387,13273,11115,14546
mexico,F2B,FAD,2027-05-01,12881,12438,13325,11165,14598
mexico,F2B,FAD,2027-06-01,12928,12331,13525,11212,14644
mexico,F2B,FAD,2027-07-01,12984,12386,13581,11267,14700
mexico,F2B,FAD,2027-08-01,13028,12430,13625,11311,14744
mexico,F2B,FAD,2027-09-01,13074,12435,13713,11264,14883
mexico,F3,FAD,2026-10-01,9684,9508,9859,9508,9859
mexico,F3,FAD,2026-11-01,9681,9505,9856,9505,9856
mexico,F3,FAD,2026-12-01,9676,9501,9852,9309,10044
mexico,F3,FAD,2027-01-01,9681,9505,9856,9024,10337
mexico,F3,FAD,2027-02-01,9679,9485,9873,9022,10336
mexico,F3,FAD,2027-03-01,9678,9455,9902,8990,10367
mexico,F3,FAD,2027-04-01,9682,9458,9906,8815,10548
mexico,F3,FAD,2027-05-01,9691,9467,9915,8824,10558
mexico,F3,FAD,2027-06-01,9691,9390,9993,8824,10558
mexico,F3,FAD,2027-07-01,9691,9389,9992,8824,10558
mexico,F3,FAD,2027-08-01,9691,9389,9992,8824,10558
mexico,F3,FAD,2027-09-01,9691,9368,10014,8777,10605
mexico,F4,FAD,2026-10-01,9602,9587,9618,9587,9618
mexico,F4,FAD,2026-11-01,9611,9595,9626,9595,9626
mexico,F4,FAD,2026-12-01,9616,9601,9632,9584,9648
mexico,F4,FAD,2027-01-01,9616,9600,9631,9558,9673
mexico,F4,FAD,2027-02-01,9616,9599,9633,9558,9673
mexico,F4,FAD,2027-03-01,9616,9597,9636,9556,9676
mexico,F4,FAD,2027-04-01,9616,9596,9635,9540,9691
mexico,F4,FAD,2027-05-01,9616,9596,9635,9540,9692
mexico,F4,FAD,2027-06-01,9616,9590,9643,9540,9692
mexico,F4,FAD,2027-07-01,9616,9589,9642,9540,9691
mexico,F4,FAD,2027-08-01,9616,9589,9642,9540,9692
mexico,F4,FAD,2027-09-01,9616,9588,9644,9536,9696
philippines,F1,FAD,2026-10-01,14018,13851,14185,13851,14185
philippines,F1,FAD,2026-11-01,14036,13869,14202,13869,14202
philippines,F1,FAD,2026-12-01,14053,13887,14220,13704,14403
philippines,F1,FAD,2027-01-01,14071,13904,14238,13447,14695
philippines,F1,FAD,2027-02-01,14089,13904,14274,13465,14713
philippines,F1,FAD,2027-03-01,14107,13894,14319,13453,14761
philippines,F1,FAD,2027-04-01,14125,13912,14337,13301,14948
philippines,F1,FAD,2027-05-01,14142,13930,14355,13319,14966
philippines,F1,FAD,2027-06-01,14160,13874,14447,13337,14984
philippines,F1,FAD,2027-07-01,14178,13891,14465,13354,15002
philippines,F1,FAD,2027-08-01,14196,13909,14482,13372,15019
philippines,F1,FAD,2027-09-01,14214,13907,14520,13345,15082
philippines,F2A,FAD,2026-10-01,18863,18318,19407,18318,19407
philippines,F2A,FAD,2026-11-01,18903,18358,19447,18358,19447
philippines,F2A,FAD,2026-12-01,18941,18396,19485,17801,20080
philippines,F2A,FAD,2027-01-01,18978,18434,19523,16942,21015
philippines,F2A,FAD,2027-02-01,18992,18390,19594,16955,21029
philippines,F2A,FAD,2027-03-01,19000,18305,19694,16865,21134
philippines,F2A,FAD,2027-04-01,19039,18345,19734,16352,21726
philippines,F2A,FAD,2027-05-01,19067,18373,19761,16379,21756
philippines,F2A,FAD,2027-06-01,19078,18142,20014,16390,21767
philippines,F2A,FAD,2027-07-01,19092,18156,20027,16403,21780
philippines,F2A,FAD,2027-08-01,19115,18179,20050,16426,21803
philippines,F2A,FAD,2027-09-01,19138,18137,20139,16304,21971
philippines,F2B,FAD,2026-10-01,14049,13920,14178,13920,14178
philippines,F2B,FAD,2026-11-01,14067,13938,14196,13938,14196
philippines,F2B,FAD,2026-12-01,14085,13956,14214,13814,14355
philippines,F2B,FAD,2027-01-01,14103,13974,14232,13620,14586
philippines,F2B,FAD,2027-02-01,14121,13978,14264,13638,14604
philippines,F2B,FAD,2027-03-01,14139,13974,14303,13632,14645
philippines,F2B,FAD,2027-04-01,14157,13992,14321,13519,14794
philippines,F2B,FAD,2027-05-01,14156,13992,14321,13519,14794
philippines,F2B,FAD,2027-06-01,14153,13932,14375,13516,14791
philippines,F2B,FAD,2027-07-01,14156,13934,14378,13519,14794
philippines,F2B,FAD,2027-08-01,14159,13937,14381,13522,14797
philippines,F2B,FAD,2027-09-01,14161,13924,14399,13489,14833
philippines,F3,FAD,2026-10-01,11382,11204,11560,11204,11560
philippines,F3,FAD,2026-11-01,11382,11204,11560,11204,11560
philippines,F3,FAD,2026-12-01,11384,11206,11562,11012,11756
philippines,F3,FAD,2027-01-01,11391,11213,11569,10726,12056
philippines,F3,FAD,2027-02-01,11392,11195,11588,10727,12057
philippines,F3,FAD,2027-03-01,11395,11168,11622,10698,12092
philippines,F3,FAD,2027-04-01,11403,11176,11629,10525,12280
philippines,F3,FAD,2027-05-01,11415,11189,11642,10538,12293
philippines,F3,FAD,2027-06-01,11417,11112,11722,10539,12295
philippines,F3,FAD,2027-07-01,11424,11119,11729,10546,12302
philippines,F3,FAD,2027-08-01,11425,11119,11730,10547,12302
philippines,F3,FAD,2027-09-01,11430,11103,11757,10505,12355
philippines,F4,FAD,2026-10-01,11943,11756,12131,11756,12131
philippines,F4,FAD,2026-11-01,11966,11778,12153,11778,12153
philippines,F4,FAD,2026-12-01,11988,11800,12175,11595,12380
philippines,F4,FAD,2027-01-01,12010,11823,12198,11309,12711
philippines,F4,FAD,2027-02-01,12032,11825,12240,11331,12734
philippines,F4,FAD,2027-03-01,12055,11816,12294,11320,12790
philippines,F4,FAD,2027-04-01,12077,11838,12316,11152,13002
philippines,F4,FAD,2027-05-01,12099,11860,12338,11174,13025
philippines,F4,FAD,2027-06-01,12122,11799,12444,11196,13047
philippines,F4,FAD,2027-07-01,12144,11822,12466,11218,13070
philippines,F4,FAD,2027-08-01,12166,11844,12488,11240,13092
philippines,F4,FAD,2027-09-01,12188,11844,12533,11213,13164
all_chargeability,EB1,FAD,2023-10-01,17744,16222,19266,16222,19266
all_chargeability,EB1,FAD,2023-11-01,17744,16222,19266,16222,19266
all_chargeability,EB1,FAD,2023-12-01,17744,16222,19266,14558,20930
all_chargeability,EB1,FAD,2024-01-01,17744,16222,19266,12052,23436
all_chargeability,EB1,FAD,2024-02-01,17744,16060,19428,12052,23436
all_chargeability,EB1,FAD,2024-03-01,17744,15804,19684,11779,23709
all_chargeability,EB1,FAD,2024-04-01,17744,15804,19684,10234,25254
all_chargeability,EB1,FAD,2024-05-01,17744,15804,19684,10230,25258
all_chargeability,EB1,FAD,2024-06-01,17744,15129,20359,10230,25258
all_chargeability,EB1,FAD,2024-07-01,17744,15129,20359,10230,25258
all_chargeability,EB1,FAD,2024-08-01,17744,15129,20359,10230,25258
all_chargeability,EB1,FAD,2024-09-01,17744,14946,20542,9824,25664
all_chargeability,EB2,FAD,2026-04-01,18198,18001,18395,18001,18395
all_chargeability,EB2,FAD,2026-05-01,18191,17994,18388,17994,18388
all_chargeability,EB2,FAD,2026-06-01,18191,17994,18388,17779,18604
all_chargeability,EB2,FAD,2026-07-01,18189,17992,18386,17453,18926
all_chargeability,EB2,FAD,2026-08-01,18192,17974,18410,17455,18929
all_chargeability,EB2,FAD,2026-09-01,18191,17940,18442,17419,18963
all_chargeability,EB2,FAD,2026-10-01,18188,17937,18440,17216,19160
all_chargeability,EB2,FAD,2026-11-01,18188,17937,18439,17216,19161
all_chargeability,EB2,FAD,2026-12-01,18187,17849,18526,17215,19160
all_chargeability,EB2,FAD,2027-01-01,18185,17847,18524,17213,19158
all_chargeability,EB2,FAD,2027-02-01,18185,17847,18524,17213,19158
all_chargeability,EB2,FAD,2027-03-01,18185,17823,18547,17160,19210
all_chargeability,EB3,FAD,2026-10-01,18055,17341,18769,17341,18769
all_chargeability,EB3,FAD,2026-11-01,18076,17362,18790,17362,18790
all_chargeability,EB3,FAD,2026-12-01,18097,17383,18811,16602,19591
all_chargeability,EB3,FAD,2027-01-01,18119,17405,18833,15449,20789
all_chargeability,EB3,FAD,2027-02-01,18138,17348,18928,15468,20808
all_chargeability,EB3,FAD,2027-03-01,18157,17247,19067,15358,20955
all_chargeability,EB3,FAD,2027-04-01,18174,17264,19085,14651,21697
all_chargeability,EB3,FAD,2027-05-01,18175,17265,19085,14650,21700
all_chargeability,EB3,FAD,2027-06-01,18175,16949,19402,14650,21700
all_chargeability,EB3,FAD,2027-07-01,18178,16951,19405,14653,21703
all_chargeability,EB3,FAD,2027-08-01,18179,16952,19406,14654,21704
all_chargeability,EB3,FAD,2027-09-01,18178,16866,19491,14463,21894
all_chargeability,EB3_OW,FAD,2026-10-01,17282,17174,17390,17174,17390
all_chargeability,EB3_OW,FAD,2026-11-01,17292,17184,17400,17184,17400
all_chargeability,EB3_OW,FAD,2026-12-01,17305,17197,17413,17078,17531
all_chargeability,EB3_OW,FAD,2027-01-01,17318,17210,17426,16914,17722
all_chargeability,EB3_OW,FAD,2027-02-01,17325,17206,17445,16921,17729
all_chargeability,EB3_OW,FAD,2027-03-01,17342,17204,17479,16918,17765
all_chargeability,EB3_OW,FAD,2027-04-01,17340,17202,17477,16806,17873
all_chargeability,EB3_OW,FAD,2027-05-01,17346,17208,17483,16812,17879
all_chargeability,EB3_OW,FAD,2027-06-01,17336,17150,17522,16802,17870
all_chargeability,EB3_OW,FAD,2027-07-01,17351,17165,17537,16817,17885
all_chargeability,EB3_OW,FAD,2027-08-01,17368,17182,17553,16834,17901
all_chargeability,EB3_OW,FAD,2027-09-01,17380,17181,17579,16818,17943
all_chargeability,EB4,FAD,2026-10-01,17515,16996,18034,16996,18034
all_chargeability,EB4,FAD,2026-11-01,17515,16996,18034,16996,18034
all_chargeability,EB4,FAD,2026-12-01,17515,16996,18034,16429,18601
all_chargeability,EB4,FAD,2027-01-01,17515,16996,18034,15574,19456
all_chargeability,EB4,FAD,2027-02-01,17515,16941,18089,15574,19456
all_chargeability,EB4,FAD,2027-03-01,17515,16853,18177,15481,19549
all_chargeability,EB4,FAD,2027-04-01,17515,16853,18177,14954,20076
all_chargeability,EB4,FAD,2027-05-01,17515,16853,18177,14953,20077
all_chargeability,EB4,FAD,2027-06-01,17515,16623,18407,14953,20077
all_chargeability,EB4,FAD,2027-07-01,17515,16623,18407,14953,20077
all_chargeability,EB4,FAD,2027-08-01,17515,16623,18407,14953,20077
all_chargeability,EB4,FAD,2027-09-01,17515,16561,18469,14814,20216
all_chargeability,EB4_RW,FAD,2026-10-01,17515,16996,18034,16996,18034
all_chargeability,EB4_RW,FAD,2026-11-01,17515,16996,18034,16996,18034
all_chargeability,EB4_RW,FAD,2026-12-01,17515,16996,18034,16429,18601
all_chargeability,EB4_RW,FAD,2027-01-01,17515,16996,18034,15574,19456
all_chargeability,EB4_RW,FAD,2027-02-01,17515,16941,18089,15574,19456
all_chargeability,EB4_RW,FAD,2027-03-01,17515,16853,18177,15481,19549
all_chargeability,EB4_RW,FAD,2027-04-01,17515,16853,18177,14954,20076
all_chargeability,EB4_RW,FAD,2027-05-01,17515,16853,18177,14953,20077
all_chargeability,EB4_RW,FAD,2027-06-01,17515,16623,18407,14953,20077
all_chargeability,EB4_RW,FAD,2027-07-01,17515,16623,18407,14953,20077
all_chargeability,EB4_RW,FAD,2027-08-01,17515,16623,18407,14953,20077
all_chargeability,EB4_RW,FAD,2027-09-01,17515,16561,18469,14814,20216
china,EB1,FAD,2026-10-01,17722,17662,17782,17662,17782
china,EB1,FAD,2026-11-01,17722,17662,17782,17662,17782
china,EB1,FAD,2026-12-01,17730,17669,17790,17604,17856
china,EB1,FAD,2027-01-01,17732,17672,17793,17507,17958
china,EB1,FAD,2027-02-01,17732,17666,17799,17507,17958
china,EB1,FAD,2027-03-01,17739,17662,17816,17503,17975
china,EB1,FAD,2027-04-01,17747,17670,17824,17450,18044
china,EB1,FAD,2027-05-01,17747,17670,17824,17449,18044
china,EB1,FAD,2027-06-01,17747,17643,17850,17449,18044
china,EB1,FAD,2027-07-01,17762,17658,17865,17464,18059
china,EB1,FAD,2027-08-01,17769,17666,17873,17472,18067
china,EB1,FAD,2027-09-01,17769,17659,17880,17456,18083
china,EB2,FAD,2026-10-01,17076,16953,17198,16953,17198
china,EB2,FAD,2026-11-01,17095,16972,17218,16972,17218
china,EB2,FAD,2026-12-01,17114,16992,17237,16858,17371
china,EB2,FAD,2027-01-01,17134,17011,17256,16675,17592
china,EB2,FAD,2027-02-01,17153,17017,17289,16694,17612
china,EB2,FAD,2027-03-01,17172,17016,17329,16692,17653
china,EB2,FAD,2027-04-01,17192,17035,17348,16587,17797
china,EB2,FAD,2027-05-01,17211,17055,17367,16605,17816
china,EB2,FAD,2027-06-01,17230,17020,17441,16625,17836
china,EB2,FAD,2027-07-01,17249,17039,17460,16644,17855
china,EB2,FAD,2027-08-01,17269,17058,17479,16663,17874
china,EB2,FAD,2027-09-01,17288,17063,17513,16650,17926
china,EB3,FAD,2026-10-01,17119,16937,17301,16937,17301
china,EB3,FAD,2026-11-01,17146,16964,17328,16964,17328
china,EB3,FAD,2026-12-01,17167,16985,17349,16785,17549
china,EB3,FAD,2027-01-01,17167,16985,17349,16485,17849
china,EB3,FAD,2027-02-01,17167,16965,17369,16485,17849
china,EB3,FAD,2027-03-01,17167,16934,17400,16452,17882
china,EB3,FAD,2027-04-01,17167,16934,17400,16267,18067
china,EB3,FAD,2027-05-01,17167,16934,17400,16267,18067
china,EB3,FAD,2027-06-01,17167,16854,17480,16267,18067
china,EB3,FAD,2027-07-01,17174,16861,17488,16274,18075
china,EB3,FAD,2027-08-01,17179,16865,17492,16278,18079
china,EB3,FAD,2027-09-01,17179,16844,17515,16230,18128
china,EB3_OW,FAD,2026-10-01,16191,15826,16556,15826,16556
china,EB3_OW,FAD,2026-11-01,16191,15826,16556,15826,16556
china,EB3_OW,FAD,2026-12-01,16191,15826,16556,15427,16955
china,EB3_OW,FAD,2027-01-01,16191,15826,16556,14826,17556
china,EB3_OW,FAD,2027-02-01,16191,15787,16595,14826,17556
china,EB3_OW,FAD,2027-03-01,16191,15726,16656,14760,17622
china,EB3_OW,FAD,2027-04-01,16191,15726,16656,14390,17992
china,EB3_OW,FAD,2027-05-01,16191,15726,16656,14389,17993
china,EB3_OW,FAD,2027-06-01,16191,15564,16818,14389,17993
china,EB3_OW,FAD,2027-07-01,16191,15564,16818,14389,17993
china,EB3_OW,FAD,2027-08-01,16191,15564,16818,14389,17993
china,EB3_OW,FAD,2027-09-01,16191,15520,16862,14292,18090
china,EB4,FAD,2026-10-01,17515,16996,18034,16996,18034
china,EB4,FAD,2026-11-01,17515,16996,18034,16996,18034
china,EB4,FAD,2026-12-01,17515,16996,18034,16429,18601
china,EB4,FAD,2027-01-01,17515,16996,18034,15574,19456
china,EB4,FAD,2027-02-01,17515,16941,18089,15574,19456
china,EB4,FAD,2027-03-01,17515,16853,18177,15481,19549
china,EB4,FAD,2027-04-01,17515,16853,18177,14954,20076
china,EB4,FAD,2027-05-01,17515,16853,18177,14953,20077
china,EB4,FAD,2027-06-01,17515,16623,18407,14953,20077
china,EB4,FAD,2027-07-01,17515,16623,18407,14953,20077
china,EB4,FAD,2027-08-01,17515,16623,18407,14953,20077
china,EB4,FAD,2027-09-01,17515,16561,18469,14814,20216
china,EB4_RW,FAD,2026-10-01,17515,16996,18034,16996,18034
china,EB4_RW,FAD,2026-11-01,17515,16996,18034,16996,18034
china,EB4_RW,FAD,2026-12-01,17515,16996,18034,16429,18601
china,EB4_RW,FAD,2027-01-01,17515,16996,18034,15574,19456
china,EB4_RW,FAD,2027-02-01,17515,16941,18089,15574,19456
china,EB4_RW,FAD,2027-03-01,17515,16853,18177,15481,19549
china,EB4_RW,FAD,2027-04-01,17515,16853,18177,14954,20076
china,EB4_RW,FAD,2027-05-01,17515,16853,18177,14953,20077
china,EB4_RW,FAD,2027-06-01,17515,16623,18407,14953,20077
china,EB4_RW,FAD,2027-07-01,17515,16623,18407,14953,20077
china,EB4_RW,FAD,2027-08-01,17515,16623,18407,14953,20077
china,EB4_RW,FAD,2027-09-01,17515,16561,18469,14814,20216
china,EB5_TEA,FAD,2015-09-01,14123,11811,16435,11811,16435
china,EB5_TEA,FAD,2015-10-01,14123,11811,16435,11811,16435
china,EB5_TEA,FAD,2015-11-01,14123,11811,16435,9283,18963
china,EB5_TEA,FAD,2015-12-01,14123,11811,16435,5477,22769
china,EB5_TEA,FAD,2016-01-01,14123,11565,16681,5477,22769
china,EB5_TEA,FAD,2016-02-01,14123,11175,17071,5062,23184
china,EB5_TEA,FAD,2016-03-01,14123,11175,17071,2716,25530
china,EB5_TEA,FAD,2016-04-01,14123,11175,17071,2709,25537
china,EB5_TEA,FAD,2016-05-01,14123,10151,18095,2709,25537
china,EB5_TEA,FAD,2016-06-01,14123,10151,18095,2709,25537
china,EB5_TEA,FAD,2016-07-01,14123,10151,18095,2709,25537
china,EB5_TEA,FAD,2016-08-01,14123,9873,18373,2092,26154
india,EB1,FAD,2026-10-01,17454,17131,17777,17131,17777
india,EB1,FAD,2026-11-01,17454,17131,17777,17131,17777
india,EB1,FAD,2026-12-01,17454,17131,17777,16778,18130
india,EB1,FAD,2027-01-01,17454,17131,17777,16246,18662
india,EB1,FAD,2027-02-01,17454,17097,17811,16246,18662
india,EB1,FAD,2027-03-01,17454,17042,17866,16188,18720
india,EB1,FAD,2027-04-01,17454,17042,17866,15860,19048
india,EB1,FAD,2027-05-01,17454,17042,17866,15859,19049
india,EB1,FAD,2027-06-01,17454,16899,18009,15859,19049
india,EB1,FAD,2027-07-01,17454,16899,18009,15859,19049
india,EB1,FAD,2027-08-01,17454,16899,18009,15859,19049
india,EB1,FAD,2027-09-01,17454,16860,18048,15773,19135
india,EB2,FAD,2026-07-01,14123,13806,14440,13806,14440
india,EB2,FAD,2026-08-01,14123,13806,14440,13806,14440
india,EB2,FAD,2026-09-01,14123,13806,14440,13459,14787
india,EB2,FAD,2026-10-01,14123,13806,14440,12937,15309
india,EB2,FAD,2026-11-01,14123,13772,14474,12937,15309
india,EB2,FAD,2026-12-01,14123,13719,14527,12881,15365
india,EB2,FAD,2027-01-01,14123,13719,14527,12559,15687
india,EB2,FAD,2027-02-01,14123,13719,14527,12558,15688
india,EB2,FAD,2027-03-01,14123,13578,14668,12558,15688
india,EB2,FAD,2027-04-01,14123,13578,14668,12558,15688
india,EB2,FAD,2027-05-01,14123,13578,14668,12558,15688
india,EB2,FAD,2027-06-01,14123,13540,14706,12473,15773
india,EB3,FAD,2026-10-01,14265,14168,14362,14168,14362
india,EB3,FAD,2026-11-01,14259,14162,14356,14162,14356
india,EB3,FAD,2026-12-01,14261,14164,14358,14058,14464
india,EB3,FAD,2027-01-01,14270,14173,14367,13907,14633
india,EB3,FAD,2027-02-01,14269,14162,14376,13906,14632
india,EB3,FAD,2027-03-01,14266,14142,14390,13886,14646
india,EB3,FAD,2027-04-01,14263,14140,14387,13785,14742
india,EB3,FAD,2027-05-01,14262,14139,14386,13783,14741
india,EB3,FAD,2027-06-01,14268,14101,14435,13789,14747
india,EB3,FAD,2027-07-01,14278,14111,14444,13799,14757
india,EB3,FAD,2027-08-01,14277,14110,14443,13798,14756
india,EB3,FAD,2027-09-01,14276,14098,14455,13772,14781
india,EB3_OW,FAD,2026-10-01,14264,14168,14360,14168,14360
india,EB3_OW,FAD,2026-11-01,14261,14166,14357,14166,14357
india,EB3_OW,FAD,2026-12-01,14264,14168,14359,14064,14464
india,EB3_OW,FAD,2027-01-01,14272,14177,14368,13915,14629
india,EB3_OW,FAD,2027-02-01,14271,14166,14377,13914,14629
india,EB3_OW,FAD,2027-03-01,14268,14147,14390,13894,14643
india,EB3_OW,FAD,2027-04-01,14266,14144,14388,13794,14737
india,EB3_OW,FAD,2027-05-01,14265,14143,14387,13793,14737
india,EB3_OW,FAD,2027-06-01,14271,14106,14435,13799,14742
india,EB3_OW,FAD,2027-07-01,14280,14116,14444,13808,14752
india,EB3_OW,FAD,2027-08-01,14279,14115,14443,13807,14751
india,EB3_OW,FAD,2027-09-01,14279,14103,14454,13782,14776
india,EB4,FAD,2026-10-01,17515,16996,18034,16996,18034
india,EB4,FAD,2026-11-01,17515,16996,18034,16996,18034
india,EB4,FAD,2026-12-01,17515,16996,18034,16429,18601
india,EB4,FAD,2027-01-01,17515,16996,18034,15574,19456
india,EB4,FAD,2027-02-01,17515,16941,18089,15574,19456
india,EB4,FAD,2027-03-01,17515,16853,18177,15481,19549
india,EB4,FAD,2027-04-01,17515,16853,18177,14954,20076
india,EB4,FAD,2027-05-01,17515,16853,18177,14953,20077
india,EB4,FAD,2027-06-01,17515,16623,18407,14953,20077
india,EB4,FAD,2027-07-01,17515,16623,18407,14953,20077
india,EB4,FAD,2027-08-01,17515,16623,18407,14953,20077
india,EB4,FAD,2027-09-01,17515,16561,18469,14814,20216
india,EB4_RW,FAD,2026-10-01,17515,16996,18034,16996,18034
india,EB4_RW,FAD,2026-11-01,17515,16996,18034,16996,18034
india,EB4_RW,FAD,2026-12-01,17515,16996,18034,16429,18601
india,EB4_RW,FAD,2027-01-01,17515,16996,18034,15574,19456
india,EB4_RW,FAD,2027-02-01,17515,16941,18089,15574,19456
india,EB4_RW,FAD,2027-03-01,17515,16853,18177,15481,19549
india,EB4_RW,FAD,2027-04-01,17515,16853,18177,14954,20076
india,EB4_RW,FAD,2027-05-01,17515,16853,18177,14953,20077
india,EB4_RW,FAD,2027-06-01,17515,16623,18407,14953,20077
india,EB4_RW,FAD,2027-07-01,17515,16623,18407,14953,20077
india,EB4_RW,FAD,2027-08-01,17515,16623,18407,14953,20077
india,EB4_RW,FAD,2027-09-01,17515,16561,18469,14814,20216
mexico,EB1,FAD,2023-10-01,17744,16222,19266,16222,19266
mexico,EB1,FAD,2023-11-01,17744,16222,19266,16222,19266
mexico,EB1,FAD,2023-12-01,17744,16222,19266,14558,20930
mexico,EB1,FAD,2024-01-01,17744,16222,19266,12052,23436
mexico,EB1,FAD,2024-02-01,17744,16060,19428,12052,23436
mexico,EB1,FAD,2024-03-01,17744,15804,19684,11779,23709
mexico,EB1,FAD,2024-04-01,17744,15804,19684,10234,25254
mexico,EB1,FAD,2024-05-01,17744,15804,19684,10230,25258
mexico,EB1,FAD,2024-06-01,17744,15129,20359,10230,25258
mexico,EB1,FAD,2024-07-01,17744,15129,20359,10230,25258
mexico,EB1,FAD,2024-08-01,17744,15129,20359,10230,25258
mexico,EB1,FAD,2024-09-01,17744,14946,20542,9824,25664
mexico,EB2,FAD,2026-04-01,18198,18001,18395,18001,18395
mexico,EB2,FAD,2026-05-01,18191,17994,18388,17994,18388
mexico,EB2,FAD,2026-06-01,18191,17994,18388,17779,18604
mexico,EB2,FAD,2026-07-01,18189,17992,18386,17453,18926
mexico,EB2,FAD,2026-08-01,18192,17974,18410,17455,18929
mexico,EB2,FAD,2026-09-01,18191,17940,18442,17419,18963
mexico,EB2,FAD,2026-10-01,18188,17937,18440,17216,19160
mexico,EB2,FAD,2026-11-01,18188,17937,18439,17216,19161
mexico,EB2,FAD,2026-12-01,18187,17849,18526,17215,19160
mexico,EB2,FAD,2027-01-01,18185,17847,18524,17213,19158
mexico,EB2,FAD,2027-02-01,18185,17847,18524,17213,19158
mexico,EB2,FAD,2027-03-01,18185,17823,18547,17160,19210
mexico,EB3,FAD,2026-10-01,17911,17197,18625,17197,18625
mexico,EB3,FAD,2026-11-01,17911,17197,18625,17197,18625
mexico,EB3,FAD,2026-12-01,17911,17197,18625,16417,19406
mexico,EB3,FAD,2027-01-01,17911,17197,18625,15241,20581
mexico,EB3,FAD,2027-02-01,17911,17121,18701,15241,20581
mexico,EB3,FAD,2027-03-01,17911,17001,18822,15113,20710
mexico,EB3,FAD,2027-04-01,18174,17264,19084,14651,21697
mexico,EB3,FAD,2027-05-01,18175,17265,19085,14650,21700
mexico,EB3,FAD,2027-06-01,18175,16949,19402,14650,21700
mexico,EB3,FAD,2027-07-01,18178,16951,19404,14653,21702
mexico,EB3,FAD,2027-08-01,18179,16952,19406,14654,21704
mexico,EB3,FAD,2027-09-01,18178,16865,19490,14462,21893
mexico,EB3_OW,FAD,2026-10-01,17257,17165,17349,17165,17349
mexico,EB3_OW,FAD,2026-11-01,17278,17186,17370,17186,17370
mexico,EB3_OW,FAD,2026-12-01,17295,17203,17387,17103,17488
mexico,EB3_OW,FAD,2027-01-01,17310,17218,17402,16966,17654
mexico,EB3_OW,FAD,2027-02-01,17325,17223,17427,16981,17669
mexico,EB3_OW,FAD,2027-03-01,17342,17224,17459,16981,17702
mexico,EB3_OW,FAD,2027-04-01,17340,17223,17457,16886,17794
mexico,EB3_OW,FAD,2027-05-01,17346,17229,17464,16892,17801
mexico,EB3_OW,FAD,2027-06-01,17336,17178,17494,16882,17790
mexico,EB3_OW,FAD,2027-07-01,17351,17193,17509,16897,17805
mexico,EB3_OW,FAD,2027-08-01,17368,17210,17526,16914,17822
mexico,EB3_OW,FAD,2027-09-01,17380,17211,17549,16901,17859
mexico,EB4,FAD,2026-10-01,17515,16996,18034,16996,18034
mexico,EB4,FAD,2026-11-01,17515,16996,18034,16996,18034
mexico,EB4,FAD,2026-12-01,17515,16996,18034,16429,18602
mexico,EB4,FAD,2027-01-01,17515,16996,18034,15574,19456
mexico,EB4,FAD,2027-02-01,17515,16941,18089,15574,19456
mexico,EB4,FAD,2027-03-01,17515,16853,18176,15481,19549
mexico,EB4,FAD,2027-04-01,17515,16853,18176,14954,20075
mexico,EB4,FAD,2027-05-01,17515,16854,18177,14953,20078
mexico,EB4,FAD,2027-06-01,17515,16624,18407,14953,20078
mexico,EB4,FAD,2027-07-01,17515,16623,18406,14952,20077
mexico,EB4,FAD,2027-08-01,17515,16623,18406,14952,20077
mexico,EB4,FAD,2027-09-01,17515,16561,18469,14814,20216
mexico,EB4_RW,FAD,2026-10-01,17515,16996,18034,16996,18034
mexico,EB4_RW,FAD,2026-11-01,17515,16996,18034,16996,18034
mexico,EB4_RW,FAD,2026-12-01,17515,16996,18034,16429,18602
mexico,EB4_RW,FAD,2027-01-01,17515,16996,18034,15574,19456
mexico,EB4_RW,FAD,2027-02-01,17515,16941,18089,15574,19456
mexico,EB4_RW,FAD,2027-03-01,17515,16853,18176,15480,19549
mexico,EB4_RW,FAD,2027-04-01,17515,16854,18177,14955,20076
mexico,EB4_RW,FAD,2027-05-01,17515,16853,18176,14952,20077
mexico,EB4_RW,FAD,2027-06-01,17515,16623,18406,14953,20077
mexico,EB4_RW,FAD,2027-07-01,17515,16623,18406,14952,20077
mexico,EB4_RW,FAD,2027-08-01,17515,16623,18406,14952,20077
mexico,EB4_RW,FAD,2027-09-01,17515,16561,18469,14814,20215
philippines,EB1,FAD,2023-10-01,17744,16222,19266,16222,19266
philippines,EB1,FAD,2023-11-01,17744,16222,19266,16222,19266
philippines,EB1,FAD,2023-12-01,17744,16222,19266,14558,20930
philippines,EB1,FAD,2024-01-01,17744,16222,19266,12052,23436
philippines,EB1,FAD,2024-02-01,17744,16060,19428,12052,23436
philippines,EB1,FAD,2024-03-01,17744,15804,19684,11779,23709
philippines,EB1,FAD,2024-04-01,17744,15804,19684,10234,25254
philippines,EB1,FAD,2024-05-01,17744,15804,19684,10230,25258
philippines,EB1,FAD,2024-06-01,17744,15129,20359,10230,25258
philippines,EB1,FAD,2024-07-01,17744,15129,20359,10230,25258
philippines,EB1,FAD,2024-08-01,17744,15129,20359,10230,25258
philippines,EB1,FAD,2024-09-01,17744,14946,20542,9824,25664
philippines,EB2,FAD,2026-04-01,18198,18001,18395,18001,18395
philippines,EB2,FAD,2026-05-01,18191,17994,18388,17994,18388
philippines,EB2,FAD,2026-06-01,18191,17994,18388,17779,18604
philippines,EB2,FAD,2026-07-01,18189,17992,18386,17453,18926
philippines,EB2,FAD,2026-08-01,18192,17974,18410,17455,18929
philippines,EB2,FAD,2026-09-01,18191,17940,18442,17419,18963
philippines,EB2,FAD,2026-10-01,18188,17937,18440,17216,19160
philippines,EB2,FAD,2026-11-01,18188,17937,18439,17216,19161
philippines,EB2,FAD,2026-12-01,18187,17849,18526,17215,19160
philippines,EB2,FAD,2027-01-01,18185,17847,18524,17213,19158
philippines,EB2,FAD,2027-02-01,18185,17847,18524,17213,19158
philippines,EB2,FAD,2027-03-01,18185,17823,18547,17160,19210
philippines,EB3,FAD,2026-10-01,17744,17030,18458,17030,18458
philippines,EB3,FAD,2026-11-01,17744,17030,18458,17030,18458
philippines,EB3,FAD,2026-12-01,17744,17030,18458,16249,19239
philippines,EB3,FAD,2027-01-01,17744,17030,18458,15074,20414
philippines,EB3,FAD,2027-02-01,17744,16954,18534,15074,20414
philippines,EB3,FAD,2027-03-01,17744,16834,18654,14946,20542
philippines,EB3,FAD,2027-04-01,17744,16834,18654,14221,21267
philippines,EB3,FAD,2027-05-01,17744,16834,18654,14219,21269
philippines,EB3,FAD,2027-06-01,17744,16517,18971,14219,21269
philippines,EB3,FAD,2027-07-01,17744,16517,18971,14219,21269
philippines,EB3,FAD,2027-08-01,17744,16517,18971,14219,21269
philippines,EB3,FAD,2027-09-01,17744,16432,19056,14028,21460
philippines,EB3_OW,FAD,2026-10-01,17136,16922,17350,16922,17350
philippines,EB3_OW,FAD,2026-11-01,17136,16922,17350,16922,17350
philippines,EB3_OW,FAD,2026-12-01,17136,16922,17350,16688,17584
philippines,EB3_OW,FAD,2027-01-01,17136,16922,17350,16336,17936
philippines,EB3_OW,FAD,2027-02-01,17136,16899,17373,16336,17936
philippines,EB3_OW,FAD,2027-03-01,17136,16863,17409,16297,17975
philippines,EB3_OW,FAD,2027-04-01,17136,16863,17409,16080,18192
philippines,EB3_OW,FAD,2027-05-01,17136,16863,17409,16080,18192
philippines,EB3_OW,FAD,2027-06-01,17136,16768,17504,16080,18192
philippines,EB3_OW,FAD,2027-07-01,17136,16768,17504,16080,18192
philippines,EB3_OW,FAD,2027-08-01,17136,16768,17504,16080,18192
philippines,EB3_OW,FAD,2027-09-01,17136,16743,17529,16022,18250
philippines,EB4,FAD,2026-10-01,17515,16996,18034,16996,18034
philippines,EB4,FAD,2026-11-01,17515,16996,18034,16996,18034
philippines,EB4,FAD,2026-12-01,17515,16996,18034,16429,18601
philippines,EB4,FAD,2027-01-01,17515,16996,18034,15574,19456
philippines,EB4,FAD,2027-02-01,17515,16941,18089,15574,19456
philippines,EB4,FAD,2027-03-01,17515,16853,18177,15481,19549
philippines,EB4,FAD,2027-04-01,17515,16853,18177,14954,20076
philippines,EB4,FAD,2027-05-01,17515,16853,18177,14953,20077
philippines,EB4,FAD,2027-06-01,17515,16623,18407,14953,20077
philippines,EB4,FAD,2027-07-01,17515,16623,18407,14953,20077
philippines,EB4,FAD,2027-08-01,17515,16623,18407,14953,20077
philippines,EB4,FAD,2027-09-01,17515,16561,18469,14814,20216
philippines,EB4_RW,FAD,2026-10-01,17515,16996,18034,16996,18034
philippines,EB4_RW,FAD,2026-11-01,17515,16996,18034,16996,18034
philippines,EB4_RW,FAD,2026-12-01,17515,16996,18034,16429,18601
philippines,EB4_RW,FAD,2027-01-01,17515,16996,18034,15574,19456
philippines,EB4_RW,FAD,2027-02-01,17515,16941,18089,15574,19456
philippines,EB4_RW,FAD,2027-03-01,17515,16853,18177,15481,19549
philippines,EB4_RW,FAD,2027-04-01,17515,16853,18177,14954,20076
philippines,EB4_RW,FAD,2027-05-01,17515,16853,18177,14953,20077
philippines,EB4_RW,FAD,2027-06-01,17515,16623,18407,14953,20077
philippines,EB4_RW,FAD,2027-07-01,17515,16623,18407,14953,20077
philippines,EB4_RW,FAD,2027-08-01,17515,16623,18407,14953,20077
philippines,EB4_RW,FAD,2027-09-01,17515,16561,18469,14814,20216
all_chargeability,F1,DFF,2026-10-01,16565,16373,16757,15437,17694
all_chargeability,F1,DFF,2026-11-01,16656,16464,16848,15527,17784
all_chargeability,F1,DFF,2026-12-01,16739,16547,16930,15610,17867
all_chargeability,F1,DFF,2027-01-01,16815,16599,17031,15686,17943
all_chargeability,F1,DFF,2027-02-01,16885,16618,17151,15756,18013
all_chargeability,F1,DFF,2027-03-01,16949,16634,17263,15764,18133
all_chargeability,F1,DFF,2027-04-01,17061,16746,17375,15848,18274
all_chargeability,F1,DFF,2027-05-01,17178,16863,17492,15965,18391
all_chargeability,F1,DFF,2027-06-01,17227,16779,17676,16014,18440
all_chargeability,F1,DFF,2027-07-01,17301,16804,17798,16088,18514
all_chargeability,F1,DFF,2027-08-01,17391,16855,17926,16178,18604
all_chargeability,F1,DFF,2027-09-01,17497,16884,18109,16284,18710
all_chargeability,F2A,DFF,2026-04-01,18711,18516,18907,17564,19859
all_chargeability,F2A,DFF,2026-05-01,18742,18547,18937,17594,19890
all_chargeability,F2A,DFF,2026-06-01,18766,18571,18962,17618,19914
all_chargeability,F2A,DFF,2026-07-01,18800,18581,19020,17652,19948
all_chargeability,F2A,DFF,2026-08-01,18826,18555,19097,17678,19974
all_chargeability,F2A,DFF,2026-09-01,18835,18515,19155,17631,20040
all_chargeability,F2A,DFF,2026-10-01,18898,18578,19218,17664,20132
all_chargeability,F2A,DFF,2026-11-01,18935,18616,19255,17702,20169
all_chargeability,F2A,DFF,2026-12-01,18971,18515,19426,17737,20204
all_chargeability,F2A,DFF,2027-01-01,18988,18482,19494,17754,20222
all_chargeability,F2A,DFF,2027-02-01,19013,18469,19558,17780,20247
all_chargeability,F2A,DFF,2027-03-01,19046,18423,19669,17812,20280
all_chargeability,F2B,DFF,2026-10-01,16473,16259,16687,15217,17729
all_chargeability,F2B,DFF,2026-11-01,16595,16382,16809,15340,17851
all_chargeability,F2B,DFF,2026-12-01,16686,16473,16900,15431,17942
all_chargeability,F2B,DFF,2027-01-01,16731,16491,16971,15475,17987
all_chargeability,F2B,DFF,2027-02-01,16783,16486,17079,15527,18039
all_chargeability,F2B,DFF,2027-03-01,16831,16481,17181,15513,18149
all_chargeability,F2B,DFF,2027-04-01,16876,16526,17226,15526,18226
all_chargeability,F2B,DFF,2027-05-01,16919,16569,17269,15569,18268
all_chargeability,F2B,DFF,2027-06-01,16961,16462,17460,15611,18311
all_chargeability,F2B,DFF,2027-07-01,16998,16445,17552,15649,18348
all_chargeability,F2B,DFF,2027-08-01,17033,16437,17629,15683,18382
all_chargeability,F2B,DFF,2027-09-01,17088,16407,17770,15738,18438
all_chargeability,F3,DFF,2026-10-01,14712,14120,15305,11228,18196
all_chargeability,F3,DFF,2026-11-01,14860,14268,15453,11377,18344
all_chargeability,F3,DFF,2026-12-01,15009,14417,15602,11525,18493
all_chargeability,F3,DFF,2027-01-01,15145,14478,15811,11661,18628
all_chargeability,F3,DFF,2027-02-01,15275,14453,16097,11791,18758
all_chargeability,F3,DFF,2027-03-01,15396,14426,16367,11740,19052
all_chargeability,F3,DFF,2027-04-01,15502,14532,16473,11758,19246
all_chargeability,F3,DFF,2027-05-01,15603,14633,16574,11859,19347
all_chargeability,F3,DFF,2027-06-01,15700,14316,17083,11955,19444
all_chargeability,F3,DFF,2027-07-01,15791,14256,17325,12047,19535
all_chargeability,F3,DFF,2027-08-01,15870,14217,17523,12126,19614
all_chargeability,F3,DFF,2027-09-01,15918,14028,17808,12174,19662
all_chargeability,F4,DFF,2026-10-01,13726,13292,14160,11174,16278
all_chargeability,F4,DFF,2026-11-01,14003,13569,14437,11451,16555
all_chargeability,F4,DFF,2026-12-01,14271,13837,14705,11719,16823
all_chargeability,F4,DFF,2027-01-01,14530,14042,15018,11978,17082
all_chargeability,F4,DFF,2027-02-01,14780,14178,15382,12228,17332
all_chargeability,F4,DFF,2027-03-01,15022,14311,15733,12344,17700
all_chargeability,F4,DFF,2027-04-01,15236,14525,15947,12493,17979
all_chargeability,F4,DFF,2027-05-01,15433,14722,16144,12691,18176
all_chargeability,F4,DFF,2027-06-01,15624,14610,16637,12881,18366
all_chargeability,F4,DFF,2027-07-01,15815,14691,16939,13072,18558
all_chargeability,F4,DFF,2027-08-01,15988,14777,17199,13245,18731
all_chargeability,F4,DFF,2027-09-01,16063,14678,17447,13320,18805
china,F1,DFF,2026-10-01,16565,16373,16757,15437,17694
china,F1,DFF,2026-11-01,16656,16464,16848,15527,17784
china,F1,DFF,2026-12-01,16739,16547,16930,15610,17867
china,F1,DFF,2027-01-01,16815,16599,17031,15686,17943
china,F1,DFF,2027-02-01,16885,16618,17151,15756,18013
china,F1,DFF,2027-03-01,16949,16634,17263,15764,18133
china,F1,DFF,2027-04-01,17061,16746,17375,15848,18274
china,F1,DFF,2027-05-01,17178,16863,17492,15965,18391
china,F1,DFF,2027-06-01,17227,16779,17676,16014,18440
china,F1,DFF,2027-07-01,17301,16804,17798,16088,18514
china,F1,DFF,2027-08-01,17391,16855,17926,16178,18604
china,F1,DFF,2027-09-01,17497,16884,18109,16284,18710
china,F2A,DFF,2026-04-01,18711,18516,18907,17564,19859
china,F2A,DFF,2026-05-01,18742,18547,18937,17594,19890
china,F2A,DFF,2026-06-01,18766,18571,18962,17618,19914
china,F2A,DFF,2026-07-01,18800,18581,19020,17652,19948
china,F2A,DFF,2026-08-01,18826,18555,19097,17678,19974
china,F2A,DFF,2026-09-01,18835,18515,19155,17631,20040
china,F2A,DFF,2026-10-01,18898,18578,19218,17664,20132
china,F2A,DFF,2026-11-01,18918,18599,19238,17685,20152
china,F2A,DFF,2026-12-01,18941,18485,19396,17707,20174
china,F2A,DFF,2027-01-01,18978,18472,19484,17744,20212
china,F2A,DFF,2027-02-01,19013,18469,19558,17780,20247
china,F2A,DFF,2027-03-01,19046,18423,19669,17812,20280
china,F2B,DFF,2026-10-01,16473,16259,16687,15217,17729
china,F2B,DFF,2026-11-01,16595,16382,16809,15340,17851
china,F2B,DFF,2026-12-01,16686,16473,16900,15431,17942
china,F2B,DFF,2027-01-01,16731,16491,16971,15475,17987
china,F2B,DFF,2027-02-01,16783,16486,17079,15527,18039
china,F2B,DFF,2027-03-01,16831,16481,17181,15513,18149
china,F2B,DFF,2027-04-01,16876,16526,17226,15526,18226
china,F2B,DFF,2027-05-01,16919,16569,17269,15569,18268
china,F2B,DFF,2027-06-01,16961,16462,17460,15611,18311
china,F2B,DFF,2027-07-01,16998,16445,17552,15649,18348
china,F2B,DFF,2027-08-01,17033,16437,17629,15683,18382
china,F2B,DFF,2027-09-01,17088,16407,17770,15738,18438
china,F3,DFF,2026-10-01,14712,14120,15305,11228,18196
china,F3,DFF,2026-11-01,14860,14268,15453,11377,18344
china,F3,DFF,2026-12-01,15009,14417,15602,11525,18493
china,F3,DFF,2027-01-01,15145,14478,15811,11661,18628
china,F3,DFF,2027-02-01,15275,14453,16097,11791,18758
china,F3,DFF,2027-03-01,15396,14426,16367,11740,19052
china,F3,DFF,2027-04-01,15502,14532,16473,11758,19246
china,F3,DFF,2027-05-01,15603,14633,16574,11859,19347
china,F3,DFF,2027-06-01,15700,14316,17083,11955,19444
china,F3,DFF,2027-07-01,15791,14256,17325,12047,19535
china,F3,DFF,2027-08-01,15870,14217,17523,12126,19614
china,F3,DFF,2027-09-01,15918,14028,17808,12174,19662
china,F4,DFF,2026-10-01,13726,13292,14160,11174,16278
china,F4,DFF,2026-11-01,14003,13569,14437,11451,16555
china,F4,DFF,2026-12-01,14271,13837,14705,11719,16823
china,F4,DFF,2027-01-01,14530,14042,15018,11978,17082
china,F4,DFF,2027-02-01,14780,14178,15382,12228,17332
china,F4,DFF,2027-03-01,15022,14311,15733,12344,17700
china,F4,DFF,2027-04-01,15236,14525,15947,12493,17979
china,F4,DFF,2027-05-01,15433,14722,16144,12691,18176
china,F4,DFF,2027-06-01,15624,14610,16637,12881,18366
china,F4,DFF,2027-07-01,15815,14691,16939,13072,18558
china,F4,DFF,2027-08-01,15988,14777,17199,13245,18731
china,F4,DFF,2027-09-01,16063,14678,17447,13320,18805
india,F1,DFF,2026-10-01,16565,16373,16757,15437,17694
india,F1,DFF,2026-11-01,16656,16464,16848,15527,17784
india,F1,DFF,2026-12-01,16739,16547,16930,15610,17867
india,F1,DFF,2027-01-01,16815,16599,17031,15686,17943
india,F1,DFF,2027-02-01,16885,16618,17151,15756,18013
india,F1,DFF,2027-03-01,16949,16634,17263,15764,18133
india,F1,DFF,2027-04-01,17061,16746,17375,15848,18274
india,F1,DFF,2027-05-01,17178,16863,17492,15965,18391
india,F1,DFF,2027-06-01,17227,16779,17676,16014,18440
india,F1,DFF,2027-07-01,17301,16804,17798,16088,18514
india,F1,DFF,2027-08-01,17391,16855,17926,16178,18604
india,F1,DFF,2027-09-01,17497,16884,18109,16284,18710
india,F2A,DFF,2026-04-01,18711,18516,18907,17564,19859
india,F2A,DFF,2026-05-01,18742,18547,18937,17594,19890
india,F2A,DFF,2026-06-01,18766,18571,18962,17618,19914
india,F2A,DFF,2026-07-01,18800,18581,19020,17652,19948
india,F2A,DFF,2026-08-01,18826,18555,19097,17678,19974
india,F2A,DFF,2026-09-01,18835,18515,19155,17631,20040
india,F2A,DFF,2026-10-01,18898,18578,19218,17664,20132
india,F2A,DFF,2026-11-01,18922,18603,19242,17689,20156
india,F2A,DFF,2026-12-01,18941,18485,19396,17707,20174
india,F2A,DFF,2027-01-01,18978,18472,19484,17744,20212
india,F2A,DFF,2027-02-01,19013,18469,19558,17780,20247
india,F2A,DFF,2027-03-01,19046,18423,19669,17812,20280
india,F2B,DFF,2026-10-01,16371,16157,16585,15115,17627
india,F2B,DFF,2026-11-01,16427,16214,16641,15172,17683
india,F2B,DFF,2026-12-01,16484,16271,16698,15229,17740
india,F2B,DFF,2027-01-01,16533,16293,16773,15277,17789
india,F2B,DFF,2027-02-01,16591,16294,16887,15335,17847
india,F2B,DFF,2027-03-01,16643,16293,16993,15325,17961
india,F2B,DFF,2027-04-01,16689,16339,17039,15339,18039
india,F2B,DFF,2027-05-01,16739,16389,17089,15389,18088
india,F2B,DFF,2027-06-01,16784,16285,17283,15434,18134
india,F2B,DFF,2027-07-01,16823,16270,17377,15474,18173
india,F2B,DFF,2027-08-01,16857,16261,17453,15507,18206
india,F2B,DFF,2027-09-01,16867,16186,17549,15517,18217
india,F3,DFF,2026-10-01,14712,14120,15305,11228,18196
india,F3,DFF,2026-11-01,14860,14268,15453,11377,18344
india,F3,DFF,2026-12-01,15009,14417,15602,11525,18493
india,F3,DFF,2027-01-01,15145,14478,15811,11661,18628
india,F3,DFF,2027-02-01,15275,14453,16097,11791,18758
india,F3,DFF,2027-03-01,15396,14426,16367,11740,19052
india,F3,DFF,2027-04-01,15502,14532,16473,11758,19246
india,F3,DFF,2027-05-01,15603,14633,16574,11859,19347
india,F3,DFF,2027-06-01,15700,14316,17083,11955,19444
india,F3,DFF,2027-07-01,15791,14256,17325,12047,19535
india,F3,DFF,2027-08-01,15870,14217,17523,12126,19614
india,F3,DFF,2027-09-01,15918,14028,17808,12174,19662
india,F4,DFF,2026-10-01,11680,11625,11735,11356,12004
india,F4,DFF,2026-11-01,11685,11630,11740,11361,12009
india,F4,DFF,2026-12-01,11691,11636,11746,11367,12015
india,F4,DFF,2027-01-01,11697,11635,11758,11373,12020
india,F4,DFF,2027-02-01,11702,11626,11779,11378,12026
india,F4,DFF,2027-03-01,11708,11618,11799,11368,12048
india,F4,DFF,2027-04-01,11714,11623,11804,11365,12062
india,F4,DFF,2027-05-01,11719,11629,11810,11371,12068
india,F4,DFF,2027-06-01,11724,11596,11853,11376,12073
india,F4,DFF,2027-07-01,11730,11588,11873,11382,12078
india,F4,DFF,2027-08-01,11736,11583,11890,11388,12084
india,F4,DFF,2027-09-01,11742,11566,11918,11394,12090
mexico,F1,DFF,2026-10-01,12412,12261,12564,11521,13304
mexico,F1,DFF,2026-11-01,12441,12289,12592,11549,13332
mexico,F1,DFF,2026-12-01,12483,12331,12634,11591,13375
mexico,F1,DFF,2027-01-01,12519,12349,12690,11627,13411
mexico,F1,DFF,2027-02-01,12566,12356,12777,11674,13458
mexico,F1,DFF,2027-03-01,12608,12360,12856,11672,13544
mexico,F1,DFF,2027-04-01,12638,12390,12886,11680,13596
mexico,F1,DFF,2027-05-01,12668,12419,12916,11709,13626
mexico,F1,DFF,2027-06-01,12718,12364,13072,11760,13676
mexico,F1,DFF,2027-07-01,12752,12360,13145,11794,13711
mexico,F1,DFF,2027-08-01,12763,12340,13186,11805,13721
mexico,F1,DFF,2027-09-01,12816,12332,13300,11857,13774
mexico,F2A,DFF,2026-04-01,18711,18516,18907,17564,19859
mexico,F2A,DFF,2026-05-01,18742,18547,18937,17594,19890
mexico,F2A,DFF,2026-06-01,18766,18571,18962,17618,19914
mexico,F2A,DFF,2026-07-01,18800,18581,19020,17652,19948
mexico,F2A,DFF,2026-08-01,18826,18555,19097,17678,19974
mexico,F2A,DFF,2026-09-01,18835,18515,19155,17631,20040
mexico,F2A,DFF,2026-10-01,18863,18543,19183,17629,20097
mexico,F2A,DFF,2026-11-01,18903,18584,19223,17670,20137
mexico,F2A,DFF,2026-12-01,18941,18485,19396,17707,20174
mexico,F2A,DFF,2027-01-01,18978,18472,19484,17744,20212
mexico,F2A,DFF,2027-02-01,19013,18469,19558,17780,20247
mexico,F2A,DFF,2027-03-01,19046,18423,19669,17812,20280
mexico,F2B,DFF,2026-10-01,12978,12646,13310,11026,14930
mexico,F2B,DFF,2026-11-01,13033,12701,13365,11081,14985
mexico,F2B,DFF,2026-12-01,13082,12750,13414,11130,15035
mexico,F2B,DFF,2027-01-01,13139,12765,13512,11187,15091
mexico,F2B,DFF,2027-02-01,13191,12731,13652,11239,15144
mexico,F2B,DFF,2027-03-01,13240,12696,13784,11191,15289
mexico,F2B,DFF,2027-04-01,13292,12748,13836,11194,15390
mexico,F2B,DFF,2027-05-01,13341,12797,13884,11243,15439
mexico,F2B,DFF,2027-06-01,13389,12614,14164,11291,15487
mexico,F2B,DFF,2027-07-01,13437,12577,14297,11339,15535
mexico,F2B,DFF,2027-08-01,13485,12558,14411,11387,15583
mexico,F2B,DFF,2027-09-01,13533,12474,14592,11435,15631
mexico,F3,DFF,2026-10-01,9692,9669,9715,9554,9830
mexico,F3,DFF,2026-11-01,9692,9668,9715,9554,9830
mexico,F3,DFF,2026-12-01,9692,9668,9715,9554,9830
mexico,F3,DFF,2027-01-01,9692,9665,9718,9554,9830
mexico,F3,DFF,2027-02-01,9692,9659,9724,9554,9830
mexico,F3,DFF,2027-03-01,9692,9653,9730,9547,9836
mexico,F3,DFF,2027-04-01,9692,9653,9730,9544,9840
mexico,F3,DFF,2027-05-01,9692,9654,9731,9544,9841
mexico,F3,DFF,2027-06-01,9696,9642,9751,9548,9845
mexico,F3,DFF,2027-07-01,9707,9647,9768,9559,9856
mexico,F3,DFF,2027-08-01,9712,9647,9778,9564,9861
mexico,F3,DFF,2027-09-01,9712,9638,9787,9564,9861
mexico,F4,DFF,2026-10-01,9616,9615,9617,9613,9619
mexico,F4,DFF,2026-11-01,9616,9615,9617,9613,9619
mexico,F4,DFF,2026-12-01,9619,9618,9620,9616,9622
mexico,F4,DFF,2027-01-01,9628,9627,9629,9625,9631
mexico,F4,DFF,2027-02-01,9636,9635,9637,9633,9639
mexico,F4,DFF,2027-03-01,9644,9643,9645,9641,9647
mexico,F4,DFF,2027-04-01,9653,9652,9654,9650,9656
mexico,F4,DFF,2027-05-01,9661,9660,9662,9658,9664
mexico,F4,DFF,2027-06-01,9669,9668,9670,9666,9672
mexico,F4,DFF,2027-07-01,9678,9677,9679,9675,9681
mexico,F4,DFF,2027-08-01,9686,9684,9688,9683,9689
mexico,F4,DFF,2027-09-01,9694,9692,9696,9691,9697
philippines,F1,DFF,2026-10-01,14720,14717,14724,14702,14739
philippines,F1,DFF,2026-11-01,14720,14717,14723,14702,14739
philippines,F1,DFF,2026-12-01,14720,14716,14723,14701,14738
philippines,F1,DFF,2027-01-01,14719,14716,14723,14701,14738
philippines,F1,DFF,2027-02-01,14719,14715,14723,14700,14737
philippines,F1,DFF,2027-03-01,14719,14714,14724,14700,14738
philippines,F1,DFF,2027-04-01,14720,14715,14725,14700,14740
philippines,F1,DFF,2027-05-01,14720,14715,14725,14700,14740
philippines,F1,DFF,2027-06-01,14720,14713,14728,14700,14740
philippines,F1,DFF,2027-07-01,14721,14713,14729,14701,14741
philippines,F1,DFF,2027-08-01,14721,14713,14730,14701,14741
philippines,F1,DFF,2027-09-01,14721,14711,14731,14702,14741
philippines,F2A,DFF,2026-04-01,18711,18516,18907,17564,19859
philippines,F2A,DFF,2026-05-01,18742,18547,18937,17594,19890
philippines,F2A,DFF,2026-06-01,18766,18571,18962,17618,19914
philippines,F2A,DFF,2026-07-01,18800,18581,19020,17652,19948
philippines,F2A,DFF,2026-08-01,18826,18555,19097,17678,19974
philippines,F2A,DFF,2026-09-01,18835,18515,19155,17631,20040
philippines,F2A,DFF,2026-10-01,18898,18578,19218,17664,20132
philippines,F2A,DFF,2026-11-01,18935,18616,19255,17702,20169
philippines,F2A,DFF,2026-12-01,18971,18515,19426,17737,20204
philippines,F2A,DFF,2027-01-01,18979,18473,19485,17745,20213
philippines,F2A,DFF,2027-02-01,19013,18469,19558,17780,20247
philippines,F2A,DFF,2027-03-01,19046,18423,19669,17812,20280
philippines,F2B,DFF,2026-10-01,14146,14131,14161,14059,14233
philippines,F2B,DFF,2026-11-01,14151,14136,14166,14064,14239
philippines,F2B,DFF,2026-12-01,14154,14139,14169,14067,14242
philippines,F2B,DFF,2027-01-01,14161,14144,14177,14073,14248
philippines,F2B,DFF,2027-02-01,14160,14139,14180,14072,14247
philippines,F2B,DFF,2027-03-01,14171,14146,14195,14079,14263
philippines,F2B,DFF,2027-04-01,14163,14138,14187,14069,14257
philippines,F2B,DFF,2027-05-01,14174,14149,14198,14080,14268
philippines,F2B,DFF,2027-06-01,14192,14157,14226,14098,14286
philippines,F2B,DFF,2027-07-01,14210,14172,14249,14116,14304
philippines,F2B,DFF,2027-08-01,14228,14187,14270,14134,14322
philippines,F2B,DFF,2027-09-01,14246,14198,14293,14152,14340
philippines,F3,DFF,2026-10-01,11550,11339,11760,10312,12787
philippines,F3,DFF,2026-11-01,11566,11355,11776,10328,12803
philippines,F3,DFF,2026-12-01,11586,11376,11797,10349,12824
philippines,F3,DFF,2027-01-01,11600,11363,11837,10362,12838
philippines,F3,DFF,2027-02-01,11619,11327,11911,10381,12857
philippines,F3,DFF,2027-03-01,11629,11285,11974,10330,12928
philippines,F3,DFF,2027-04-01,11637,11292,11982,10307,12967
philippines,F3,DFF,2027-05-01,11652,11307,11996,10321,12982
philippines,F3,DFF,2027-06-01,11668,11176,12159,10338,12998
philippines,F3,DFF,2027-07-01,11680,11135,12225,10350,13010
philippines,F3,DFF,2027-08-01,11695,11107,12282,10365,13025
philippines,F3,DFF,2027-09-01,11703,11031,12374,10373,13033
philippines,F4,DFF,2026-10-01,12141,11834,12447,10340,13941
philippines,F4,DFF,2026-11-01,12156,11850,12462,10355,13956
philippines,F4,DFF,2026-12-01,12158,11852,12464,10357,13958
philippines,F4,DFF,2027-01-01,12167,11822,12511,10366,13967
philippines,F4,DFF,2027-02-01,12168,11744,12593,10368,13969
philippines,F4,DFF,2027-03-01,12170,11669,12672,10281,14060
philippines,F4,DFF,2027-04-01,12185,11683,12686,10250,14120
philippines,F4,DFF,2027-05-01,12187,11686,12689,10252,14122
philippines,F4,DFF,2027-06-01,12188,11474,12903,10254,14123
philippines,F4,DFF,2027-07-01,12196,11403,12989,10261,14131
philippines,F4,DFF,2027-08-01,12197,11343,13052,10263,14132
philippines,F4,DFF,2027-09-01,12199,11222,13176,10264,14134
all_chargeability,EB3,DFF,2026-04-01,17932,369,35495,-85349,121213
all_chargeability,EB3,DFF,2026-05-01,17950,387,35513,-85331,121231
all_chargeability,EB3,DFF,2026-06-01,17972,409,35535,-85309,121253
all_chargeability,EB3,DFF,2026-07-01,17992,-1760,37743,-85289,121273
all_chargeability,EB3,DFF,2026-08-01,18013,-6357,42383,-85268,121294
all_chargeability,EB3,DFF,2026-09-01,18034,-10735,46804,-90354,126423
all_chargeability,EB3,DFF,2026-10-01,18152,-10618,46922,-92848,129152
all_chargeability,EB3,DFF,2026-11-01,18152,-10618,46922,-92848,129152
all_chargeability,EB3,DFF,2026-12-01,18153,-22856,59163,-92846,129153
all_chargeability,EB3,DFF,2027-01-01,18154,-27336,63644,-92846,129154
all_chargeability,EB3,DFF,2027-02-01,18156,-30860,67173,-92844,129156
all_chargeability,EB3,DFF,2027-03-01,18162,-37876,74201,-92838,129162
all_chargeability,EB3_OW,DFF,2026-10-01,17416,17211,17622,16206,18626
all_chargeability,EB3_OW,DFF,2026-11-01,17415,17209,17620,16205,18625
all_chargeability,EB3_OW,DFF,2026-12-01,17413,17207,17618,16203,18622
all_chargeability,EB3_OW,DFF,2027-01-01,17421,17190,17653,16212,18631
all_chargeability,EB3_OW,DFF,2027-02-01,17398,17112,17683,16188,18608
all_chargeability,EB3_OW,DFF,2027-03-01,17408,17071,17745,16139,18678
all_chargeability,EB3_OW,DFF,2027-04-01,17411,17074,17748,16111,18711
all_chargeability,EB3_OW,DFF,2027-05-01,17411,17074,17748,16111,18711
all_chargeability,EB3_OW,DFF,2027-06-01,17412,16931,17892,16111,18712
all_chargeability,EB3_OW,DFF,2027-07-01,17412,16879,17945,16112,18712
all_chargeability,EB3_OW,DFF,2027-08-01,17418,16843,17992,16117,18718
all_chargeability,EB3_OW,DFF,2027-09-01,17417,16761,18074,16117,18718
china,EB1,DFF,2026-10-01,17938,72,35804,-87125,123001
china,EB1,DFF,2026-11-01,17948,82,35814,-87115,123011
china,EB1,DFF,2026-12-01,17960,94,35826,-87103,123023
china,EB1,DFF,2027-01-01,18015,-2077,38108,-87047,123078
china,EB1,DFF,2027-02-01,18025,-6766,42816,-87038,123088
china,EB1,DFF,2027-03-01,18041,-11225,47308,-92217,128299
china,EB1,DFF,2027-04-01,18051,-11216,47317,-94864,130966
china,EB1,DFF,2027-05-01,18060,-11206,47326,-94855,130975
china,EB1,DFF,2027-06-01,18069,-23648,59786,-94846,130984
china,EB1,DFF,2027-07-01,18080,-28194,64355,-94835,130995
china,EB1,DFF,2027-08-01,18102,-31760,67964,-94813,131017
china,EB1,DFF,2027-09-01,18112,-38894,75117,-94803,131026
china,EB2,DFF,2026-10-01,17173,16844,17502,15240,19106
china,EB2,DFF,2026-11-01,17191,16862,17519,15258,19124
china,EB2,DFF,2026-12-01,17208,16879,17537,15275,19141
china,EB2,DFF,2027-01-01,17224,16855,17594,15291,19157
china,EB2,DFF,2027-02-01,17242,16785,17698,15309,19175
china,EB2,DFF,2027-03-01,17259,16720,17797,15230,19287
china,EB2,DFF,2027-04-01,17276,16737,17814,15198,19353
china,EB2,DFF,2027-05-01,17293,16754,17831,15215,19370
china,EB2,DFF,2027-06-01,17310,16542,18077,15232,19387
china,EB2,DFF,2027-07-01,17326,16475,18178,15249,19404
china,EB2,DFF,2027-08-01,17343,16425,18260,15265,19420
china,EB2,DFF,2027-09-01,17359,16310,18408,15282,19437
china,EB3,DFF,2026-10-01,17167,16810,17524,15068,19266
china,EB3,DFF,2026-11-01,17167,16810,17524,15068,19267
china,EB3,DFF,2026-12-01,17173,16816,17530,15074,19273
china,EB3,DFF,2027-01-01,17199,16798,17601,15100,19299
china,EB3,DFF,2027-02-01,17226,16731,17722,15127,19326
china,EB3,DFF,2027-03-01,17253,16669,17838,15050,19457
china,EB3,DFF,2027-04-01,17281,16696,17865,15024,19537
china,EB3,DFF,2027-05-01,17308,16723,17892,15051,19564
china,EB3,DFF,2027-06-01,17334,16500,18167,15077,19590
china,EB3,DFF,2027-07-01,17361,16436,18285,15104,19617
china,EB3,DFF,2027-08-01,17386,16390,18383,15130,19643
china,EB3,DFF,2027-09-01,17413,16274,18552,15157,19670
china,EB3_OW,DFF,2026-10-01,16361,16008,16714,14285,18437
china,EB3_OW,DFF,2026-11-01,16373,16020,16726,14297,18449
china,EB3_OW,DFF,2026-12-01,16386,16033,16739,14310,18462
china,EB3_OW,DFF,2027-01-01,16402,16005,16799,14326,18478
china,EB3_OW,DFF,2027-02-01,16413,15924,16903,14337,18489
china,EB3_OW,DFF,2027-03-01,16424,15846,17002,14246,18603
china,EB3_OW,DFF,2027-04-01,16434,15856,17013,14203,18666
china,EB3_OW,DFF,2027-05-01,16444,15866,17023,14213,18675
china,EB3_OW,DFF,2027-06-01,16454,15629,17278,14222,18685
china,EB3_OW,DFF,2027-07-01,16463,15548,17377,14231,18694
china,EB3_OW,DFF,2027-08-01,16471,15486,17456,14240,18702
china,EB3_OW,DFF,2027-09-01,16479,15353,17606,14248,18711
china,EB5_NONRC,DFF,2021-12-01,14966,14752,15179,13710,16221
china,EB5_NONRC,DFF,2022-01-01,14965,14752,15179,13710,16221
china,EB5_NONRC,DFF,2022-02-01,14965,14751,15178,13709,16220
china,EB5_NONRC,DFF,2022-03-01,14977,14737,15217,13721,16232
china,EB5_NONRC,DFF,2022-04-01,14977,14680,15273,13721,16232
china,EB5_NONRC,DFF,2022-05-01,14975,14626,15325,13658,16293
china,EB5_NONRC,DFF,2022-06-01,14975,14625,15324,13625,16324
china,EB5_NONRC,DFF,2022-07-01,14975,14626,15325,13626,16324
china,EB5_NONRC,DFF,2022-08-01,14975,14476,15473,13626,16324
china,EB5_NONRC,DFF,2022-09-01,14975,14422,15527,13625,16324
china,EB5_NONRC,DFF,2022-10-01,14970,14374,15566,13621,16319
china,EB5_NONRC,DFF,2022-11-01,14970,14289,15651,13621,16319
china,EB5_RC,DFF,2022-05-01,14956,14929,14983,14797,15115
china,EB5_RC,DFF,2022-06-01,14955,14928,14983,14796,15115
china,EB5_RC,DFF,2022-07-01,14956,14929,14983,14797,15115
china,EB5_RC,DFF,2022-08-01,14955,14925,14985,14796,15114
china,EB5_RC,DFF,2022-09-01,14955,14917,14992,14796,15114
china,EB5_RC,DFF,2022-10-01,14950,14906,14995,14784,15117
china,EB5_RC,DFF,2022-11-01,14950,14906,14995,14779,15121
china,EB5_RC,DFF,2022-12-01,14946,14902,14990,14775,15117
china,EB5_RC,DFF,2023-01-01,14946,14883,15009,14775,15117
china,EB5_RC,DFF,2023-02-01,14946,14876,15016,14775,15117
china,EB5_RC,DFF,2023-03-01,14939,14864,15015,14768,15110
china,EB5_RC,DFF,2023-04-01,14939,14853,15026,14769,15110
india,EB1,DFF,2026-10-01,18009,17358,18659,14182,21835
india,EB1,DFF,2026-11-01,18009,17358,18660,14182,21835
india,EB1,DFF,2026-12-01,18012,17362,18663,14186,21839
india,EB1,DFF,2027-01-01,18008,17276,18739,14181,21834
india,EB1,DFF,2027-02-01,18007,17104,18910,14181,21834
india,EB1,DFF,2027-03-01,18000,16934,19066,13984,22016
india,EB1,DFF,2027-04-01,17994,16928,19060,13882,22106
india,EB1,DFF,2027-05-01,17995,16929,19060,13882,22107
india,EB1,DFF,2027-06-01,17994,16474,19513,13881,22106
india,EB1,DFF,2027-07-01,17967,16281,19652,13854,22079
india,EB1,DFF,2027-08-01,17945,16129,19761,13833,22057
india,EB1,DFF,2027-09-01,17946,15870,20022,13834,22058
india,EB2,DFF,2026-10-01,14570,14281,14859,12869,16271
india,EB2,DFF,2026-11-01,14577,14288,14866,12876,16278
india,EB2,DFF,2026-12-01,14585,14295,14874,12883,16286
india,EB2,DFF,2027-01-01,14638,14313,14964,12937,16339
india,EB2,DFF,2027-02-01,14678,14277,15079,12977,16379
india,EB2,DFF,2027-03-01,14599,14126,15073,12814,16385
india,EB2,DFF,2027-04-01,14518,14044,14991,12689,16346
india,EB2,DFF,2027-05-01,14549,14075,15023,12721,16377
india,EB2,DFF,2027-06-01,14586,13910,15261,12757,16414
india,EB2,DFF,2027-07-01,14577,13828,15326,12749,16405
india,EB2,DFF,2027-08-01,14621,13814,15428,12793,16449
india,EB2,DFF,2027-09-01,14675,13752,15598,12847,16503
india,EB3,DFF,2026-10-01,14829,14584,15073,13393,16264
india,EB3,DFF,2026-11-01,14787,14543,15031,13351,16223
india,EB3,DFF,2026-12-01,14772,14528,15016,13336,16208
india,EB3,DFF,2027-01-01,14778,14504,15053,13342,16214
india,EB3,DFF,2027-02-01,14777,14439,15116,13342,16213
india,EB3,DFF,2027-03-01,14778,14378,15178,13271,16285
india,EB3,DFF,2027-04-01,14794,14395,15194,13251,16338
india,EB3,DFF,2027-05-01,14821,14421,15221,13278,16364
india,EB3,DFF,2027-06-01,14821,14250,15391,13277,16364
india,EB3,DFF,2027-07-01,14848,14215,15480,13304,16391
india,EB3,DFF,2027-08-01,14856,14174,15537,13313,16399
india,EB3,DFF,2027-09-01,14858,14079,15637,13315,16401
india,EB3_OW,DFF,2026-10-01,14829,14584,15073,13393,16264
india,EB3_OW,DFF,2026-11-01,14787,14543,15031,13351,16223
india,EB3_OW,DFF,2026-12-01,14772,14528,15016,13336,16208
india,EB3_OW,DFF,2027-01-01,14778,14504,15053,13342,16214
india,EB3_OW,DFF,2027-02-01,14777,14439,15116,13342,16213
india,EB3_OW,DFF,2027-03-01,14778,14378,15178,13271,16285
india,EB3_OW,DFF,2027-04-01,14794,14395,15194,13251,16338
india,EB3_OW,DFF,2027-05-01,14821,14421,15221,13278,16364
india,EB3_OW,DFF,2027-06-01,14821,14250,15391,13277,16364
india,EB3_OW,DFF,2027-07-01,14848,14215,15480,13304,16391
india,EB3_OW,DFF,2027-08-01,14856,14174,15537,13313,16399
india,EB3_OW,DFF,2027-09-01,14858,14079,15637,13315,16401
mexico,EB3,DFF,2026-04-01,17911,17805,18017,17288,18535
mexico,EB3,DFF,2026-05-01,17911,17805,18017,17288,18535
mexico,EB3,DFF,2026-06-01,17911,17805,18017,17288,18535
mexico,EB3,DFF,2026-07-01,17911,17792,18031,17288,18535
mexico,EB3,DFF,2026-08-01,17911,17764,18058,17288,18535
mexico,EB3,DFF,2026-09-01,17911,17738,18085,17257,18566
mexico,EB3,DFF,2026-10-01,18152,17979,18326,17483,18822
mexico,EB3,DFF,2026-11-01,18152,17979,18326,17483,18822
mexico,EB3,DFF,2026-12-01,18153,17906,18401,17484,18823
mexico,EB3,DFF,2027-01-01,18154,17880,18429,17485,18824
mexico,EB3,DFF,2027-02-01,18156,17861,18452,17486,18826
mexico,EB3,DFF,2027-03-01,18162,17824,18501,17492,18832
mexico,EB3_OW,DFF,2026-10-01,17416,17220,17612,16266,18566
mexico,EB3_OW,DFF,2026-11-01,17415,17219,17610,16264,18565
mexico,EB3_OW,DFF,2026-12-01,17413,17217,17608,16262,18563
mexico,EB3_OW,DFF,2027-01-01,17421,17201,17641,16270,18571
mexico,EB3_OW,DFF,2027-02-01,17398,17127,17670,16248,18549
mexico,EB3_OW,DFF,2027-03-01,17408,17088,17728,16201,18615
mexico,EB3_OW,DFF,2027-04-01,17411,17091,17732,16175,18648
mexico,EB3_OW,DFF,2027-05-01,17411,17091,17732,16175,18648
mexico,EB3_OW,DFF,2027-06-01,17412,16955,17868,16175,18648
mexico,EB3_OW,DFF,2027-07-01,17412,16906,17919,16176,18649
mexico,EB3_OW,DFF,2027-08-01,17418,16872,17964,16182,18655
mexico,EB3_OW,DFF,2027-09-01,17417,16793,18041,16181,18654
philippines,EB3,DFF,2026-10-01,17916,17824,18008,17373,18459
philippines,EB3,DFF,2026-11-01,17926,17834,18019,17383,18470
philippines,EB3,DFF,2026-12-01,17937,17844,18029,17393,18480
philippines,EB3,DFF,2027-01-01,17947,17843,18051,17404,18490
philippines,EB3,DFF,2027-02-01,17964,17836,18092,17420,18507
philippines,EB3,DFF,2027-03-01,17982,17831,18134,17412,18553
philippines,EB3,DFF,2027-04-01,17997,17845,18148,17413,18581
philippines,EB3,DFF,2027-05-01,18048,17896,18199,17464,18632
philippines,EB3,DFF,2027-06-01,18059,17843,18274,17475,18643
philippines,EB3,DFF,2027-07-01,18075,17835,18314,17491,18659
philippines,EB3,DFF,2027-08-01,18100,17842,18357,17516,18684
philippines,EB3,DFF,2027-09-01,18109,17814,18404,17525,18693
philippines,EB3_OW,DFF,2026-10-01,17416,17159,17673,15905,18927
philippines,EB3_OW,DFF,2026-11-01,17415,17158,17672,15904,18926
philippines,EB3_OW,DFF,2026-12-01,17413,17156,17670,15902,18924
philippines,EB3_OW,DFF,2027-01-01,17421,17132,17710,15910,18932
philippines,EB3_OW,DFF,2027-02-01,17398,17041,17755,15887,18909
philippines,EB3_OW,DFF,2027-03-01,17408,16987,17829,15822,18994
philippines,EB3_OW,DFF,2027-04-01,17411,16990,17832,15786,19035
philippines,EB3_OW,DFF,2027-05-01,17411,16990,17831,15786,19035
philippines,EB3_OW,DFF,2027-06-01,17412,16812,18013,15788,19037
philippines,EB3_OW,DFF,2027-07-01,17412,16746,18077,15788,19036
philippines,EB3_OW,DFF,2027-08-01,17418,16701,18135,15794,19042
philippines,EB3_OW,DFF,2027-09-01,17417,16597,18236,15792,19041
